7:02 AM,7:03 AM,7:04 AM,7:05 AM,7:06 AM,7:07 AM,7:08 AM,7:09 AM,7:10 AM,7:11 AM,7:12 AM,7:13 AM,7:14 AM,7:15 AM,7:16 AM,7:17 AM,7:18 AM,7:19 AM,7:20 AM,7:21 AM,7:22 AM,7:23 AM,7:24 AM,7:25 AM,7:26 AM,7:27 AM,7:28 AM,7:29 AM,7:30 AM,7:31 AM,7:32 AM,7:33 AM,7:34 AM,7:35 AM,7:36 AM,7:37 AM,7:38 AM,7:39 AM,7:40 AM,7:41 AM,7:42 AM,7:43 AM,7:44 AM,7:45 AM,7:46 AM,7:47 AM,7:48 AM,7:49 AM,7:50 AM,7:51 AM,7:52 AM,7:53 AM,7:54 AM,7:55 AM,7:56 AM,7:57 AM,7:58 AM,7:59 AM,8:00 AM,8:01 AM,8:02 AM,8:03 AM,8:04 AM,8:05 AM,8:06 AM,8:07 AM,8:08 AM,8:09 AM,8:10 AM,8:11 AM,8:12 AM,8:13 AM,8:14 AM,8:15 AM,8:16 AM,8:17 AM,8:18 AM,8:19 AM,8:20 AM,8:21 AM,8:22 AM,8:23 AM,8:24 AM,8:25 AM,8:26 AM,8:27 AM,8:28 AM,8:29 AM,8:30 AM,8:31 AM,8:32 AM,8:33 AM,8:34 AM,8:35 AM,8:36 AM,8:37 AM,8:38 AM,8:39 AM,8:40 AM,8:41 AM,8:42 AM,8:43 AM,8:44 AM,8:45 AM,8:46 AM,8:47 AM,8:48 AM,8:49 AM,8:50 AM,8:51 AM,8:52 AM,8:53 AM,8:54 AM,8:55 AM,8:56 AM,8:57 AM,8:58 AM,8:59 AM,9:00 AM,9:01 AM,9:02 AM,9:03 AM,9:04 AM,9:05 AM,9:06 AM,9:07 AM,9:08 AM
259.6378,382.1299,265.4922,1196.3412,5291.2648,10220.3,5393.9008,2386.9984,1451.2671,1083.2062,567.4944,899.0037,1185.8932,1016.1828,2092.8371,1635.8384,1105.8925,540.9981,375.8257,106.7725,49.0916,68.5704,233.713,671.3875,1130.6262,936.9425,554.0273,317.741,330.0862,184.0489,232.885,207.0184,366.0123,299.2039,195.9279,220.0065,258.8582,230.3182,169.5682,120.0235,144.3549,132.5973,129.0601,117.1515,132.0406,67.5676,131.2573,119.3334,154.1821,230.9536,161.8703,141.7418,205.6892,136.0255,170.9562,186.1779,237.448,138.8488,75.3391,159.2878,185.1553,218.0926,133.5682,112.4239,105.0551,177.2396,207.5869,354.989,197.6248,313.4253,189.6232,282.2942,392.8279,555.6354,745.8666,739.9335,902.6502,768.0087,470.2209,541.2919,400.0466,341.386,469.6675,329.2183,457.1282,413.9198,355.3135,374.2623,476.3073,331.6865,484.7929,603.2375,251.9634,379.4116,295.8384,340.078,350.5743,375.9663,502.9688,429.728,512.0257,366.3432,419.1341,261.477,456.8313,343.6727,421.0656,440.0999,599.5267,543.5388,464.9203,420.8093,412.1657,269.5885,241.8385,285.2715,255.7375,183.6417,110.9248,136.4635,74.2808,120.6744,48.9465,136.363,92.81,114.9153,98.2086
248.7981,261.8024,510.951,1321.8768,3726.727,7486.0813,3933.8617,1873.2676,1492.4868,827.6412,758.6755,1184.041,1137.5786,1282.8768,1869.6029,1572.8091,1063.7414,616.942,223.7525,128.1736,116.5527,172.8778,229.657,730.0141,738.8896,665.5476,629.8894,629.8169,686.2194,889.5573,979.3158,833.3078,546.331,180.8663,99.8755,149.6116,136.349,107.2476,141.2359,143.5667,108.2681,119.7741,62.0392,114.0007,157.8782,81.0701,157.5084,122.4447,217.4829,145.1989,164.224,185.9203,227.6952,130.8843,171.597,175.243,206.5693,167.9081,231.9995,299.5415,256.6876,347.4868,200.7228,97.5399,199.7711,404.4099,301.2617,263.752,253.3596,357.0667,232.3179,334.5353,670.4119,877.5604,1005.8917,986.1357,1035.3492,719.6187,517.897,422.6433,398.2157,585.7124,546.6577,412.3792,502.6933,343.6181,436.0028,560.8671,692.9897,518.5136,583.5491,360.3241,423.3448,372.7619,362.2454,275.6961,269.5123,318.8402,300.1838,406.2607,512.6187,335.3286,291.5634,498.359,435.0071,374.4764,456.2571,476.9397,463.2363,456.5824,345.7556,399.1755,434.793,467.5044,376.2142,205.275,261.8142,299.5223,159.552,181.9614,197.2544,154.4142,151.8855,168.5526,66.5305,111.902,87.7142
59.1733,356.7866,876.424,1216.9654,1577.2489,3589.0191,1841.7953,788.5275,465.1683,421.7479,258.3177,523.8308,431.7046,673.1003,500.1917,518.0896,388.4907,313.7655,184.321,220.5276,192.9559,177.508,221.7213,280.2329,484.1927,860.1902,975.6977,915.8079,841.568,1152.8652,870.3211,257.2893,174.1356,124.4798,81.5547,100.6357,108.9004,107.3812,93.9763,90.4119,100.2282,70.0347,96.3523,122.3411,99.2301,62.9136,107.8966,153.3077,157.4607,152.935,158.4542,166.7757,125.2116,87.8535,136.5307,142.5558,216.2874,246.7551,237.2923,275.512,204.4976,206.1198,129.9585,162.5975,330.5631,234.3905,265.3734,187.071,306.8563,395.0469,286.6569,364.4234,467.5419,783.7997,799.8825,754.3058,609.0725,481.6333,329.6582,274.3706,441.0451,479.0258,459.0203,304.1611,404.4835,305.2237,329.9034,334.9848,416.4036,306.1568,411.2415,240.22,243.2665,277.605,260.2324,220.0673,133.6433,150.2524,222.0176,271.4011,333.4127,274.5975,249.0565,337.0425,289.4612,314.2154,328.5063,303.0184,356.936,297.2883,381.969,272.7281,297.866,287.9974,250.113,246.703,198.4892,190.1972,208.1146,230.8519,139.3998,117.3707,106.6184,57.6999,60.4926,44.4161,88.5094
18.5669,683.3413,896.0445,940.4438,756.8466,2103.2855,1330.6111,556.086,299.7759,182.5239,217.4063,223.2542,318.5172,300.165,260.029,407.0886,285.9633,214.342,175.6001,200.5615,187.9012,181.2432,189.0686,247.8841,640.2543,1142.5663,797.913,890.0646,821.2703,771.497,214.9812,137.8572,77.1658,116.4625,115.2105,101.2257,105.7642,30.6651,37.0003,93.828,64.4966,60.1348,97.0648,120.9821,54.3668,62.436,102.0978,47.9495,76.1582,50.4657,146.0711,126.1803,85.5078,89.9692,148.6151,113.3004,167.6951,159.1845,199.8992,216.24,222.6154,170.3621,88.5008,97.7354,276.1312,237.2837,196.937,191.3598,303.1832,312.3572,267.6503,317.7701,560.8917,735.1884,563.1409,495.0548,365.9891,234.6105,153.8902,245.1039,376.0648,523.5004,306.4425,196.4636,214.3594,201.0102,305.0793,363.6636,370.4941,351.8238,197.0431,247.9499,257.7223,212.3382,181.898,152.4463,82.595,153.913,156.0942,182.0918,260.32,303.6622,228.123,225.6868,219.1159,276.9821,280.4103,264.4172,227.2556,240.5852,237.2254,179.8622,182.073,220.0059,173.4484,207.701,226.1684,166.7504,148.9144,155.5227,95.6554,64.3723,71.6885,36.4606,66.6313,56.0922,63.2469
0,434.5629,726.7826,496.5796,494.3174,1061.652,690.2934,368.5594,156.5209,74.2573,90.7325,103.1289,154.8358,140.4089,122.7143,213.4133,166.7195,171.5702,102.523,138.382,115.3009,108.2992,158.8118,194.8961,507.0312,695.8372,710.7378,445.7325,269.9071,139.8409,104.3302,48.1839,56.8321,87.4956,63.4079,63.3197,50.2574,29.3398,26.2475,51.8476,53.86,37.7494,40.0247,69.1664,54.7528,30.0361,56.2432,24.8109,14.6559,36.2612,64.415,36.2625,55.158,74.4358,89.1976,118.3308,148.3155,103.4784,112.6774,106.5894,101.0836,95.7982,51.0768,34.286,141.642,119.2375,105.541,147.4013,221.121,180.5321,168.7564,208.051,178.6768,287.7758,297.206,200.8473,181.114,145.1973,106.3829,198.613,211.5418,199.4054,173.9946,102.374,132.5119,148.1491,116.2259,220.187,193.0928,172.4403,124.3611,103.3741,131.3618,90.7229,131.671,81.7726,89.7363,75.6266,102.9367,106.5609,160.1758,161.585,93.3301,108.2543,120.0011,126.1018,109.4562,192.2108,180.3497,183.3632,124.2946,109.3001,108.6141,131.7373,105.7384,101.7163,136.4279,88.7361,67.8026,75.5553,38.4874,31.1488,11.4853,28.9827,43.6664,47.3915,51.1238
10.5523,416.2307,512.6537,291.3563,432.5058,838.523,394.7166,247.8491,80.2177,85.925,59.8579,118.7404,117.179,73.8071,107.6191,143.7015,162.4877,95.1918,126.3236,136.7991,92.116,93.2938,121.1163,112.0889,320.4673,669.0915,357.4442,194.1929,120.6056,85.6789,39.043,48.4322,56.8668,76.95,35.5734,22.9715,29.1832,20.1111,8.5587,67.7143,51.5779,38.1602,40.0416,50.2165,60.082,45.4582,70.8697,45.789,41.2641,63.2855,71.1805,72.7605,61.9162,54.188,61.3529,75.0172,101.6076,76.7186,98.6872,73.7888,90.05,84.3434,51.4774,51.737,101.1209,92.6193,64.5446,147.4946,174.1636,162.0569,134.573,120.6466,213.5757,229.3838,197.0696,183.2794,146.7635,101.3042,79.9898,116.9989,188.2735,136.926,111.4241,83.9186,71.6318,99.3414,125.3002,145.8003,155.6466,105.9247,82.0794,94.4916,80.9456,92.5449,93.5961,79.9982,97.1101,45.9819,65.4932,93.0917,133.4451,101.3577,72.9375,122.9568,76.9228,112.1783,122.2384,103.6177,106.1302,107.086,120.8749,99.423,93.273,105.128,62.2696,123.0517,110.879,77.14,56.0798,59.9032,34.7637,25.1995,17.8657,19.0478,32.4641,55.5044,38.9985
31.7854,340.5437,188.8124,174.1249,259.424,399.6452,266.1807,213.6088,98.8905,53.2141,95.1978,79.8455,100.1708,41.8273,63.3174,98.3493,136.2881,84.9583,96.5278,76.644,63.4249,34.2159,108.5536,116.0103,336.7219,444.0419,127.7557,109.7833,37.4331,35.7741,15.3638,24.7974,34.4889,41.9443,21.5732,12.4601,20.5055,6.2172,3.0915,23.8365,40.0484,22.0732,53.3261,34.351,33.7226,38.0302,45.9755,42.9935,48.6713,48.4465,56.828,61.6199,63.2176,50.972,61.2602,48.6014,52.8685,40.4524,45.3334,53.4721,25.4061,29.9446,25.4318,23.28,58.9729,49.1459,48.6981,67.6161,80.4422,74.6092,45.7023,57.9463,111.155,146.2966,113.0005,109.0593,70.5942,49.2982,34.9589,92.0468,102.9958,73.2317,73.0449,63.355,52.1272,72.0851,64.9902,100.7953,80.9964,74.2476,66.6594,48.3138,70.1817,63.4853,67.4077,48.3479,51.8103,60.593,49.7439,63.831,81.1888,60.038,43.6964,44.5925,56.6485,107.1265,66.1977,52.6552,65.1401,87.1333,60.5144,65.1475,68.7995,57.9892,38.3295,70.2901,49.8747,45.2436,43.3901,29.9187,30.3536,7.9761,15.8772,22.3813,22.4335,23.577,7.9958
29.8404,239.1673,131.5733,186.3357,199.8167,353.0821,283.1189,172.8369,63.2681,46.9094,47.9962,82.4387,50.9596,50.9359,78.8346,134.2046,116.1391,76.9509,58.8519,43.8325,18.5763,35.0119,40.8196,89.3441,351.8661,204.2715,105.6532,69.6793,20.4208,24.7189,16.1235,19.0823,30.6066,27.6662,24.161,10.5583,11.5115,8.7418,5.8774,14.6992,39.4829,27.8641,26.036,22.1423,32.695,28.2849,51.7327,30.8473,21.976,35.441,57.1708,49.1662,41.9466,31.6286,43.1387,41.6751,50.7975,36.2247,41.7427,33.2879,49.2797,28.3522,20.3082,26.4903,43.7657,36.9836,43.5217,70.1275,41.9818,50.699,42.1858,52.8922,56.695,83.9012,77.3188,69.5036,45.3789,40.1609,38.6215,65.843,70.2073,75.9748,52.9228,49.2626,38.3621,30.6315,47.0615,84.6627,55.0991,46.6929,44.6536,58.8234,48.4319,45.1545,45.1797,32.9764,27.5514,30.2941,35.255,67.5261,67.2093,42.8395,28.3684,42.6987,43.3308,58.8752,41.0784,62.4832,63.7166,45.4672,66.8893,66.6257,58.4914,47.97,26.8601,51.8381,51.7596,32.2036,23.9449,23.5572,23.211,6.0632,11.8831,19.9131,27.1701,35.2091,10.4946
6.6673,163.6448,51.8778,112.9685,167.2466,215.77,172.002,89.8096,57.0671,30.2841,17.0837,24.2246,26.3237,42.2021,71.744,90.3523,84.1073,49.6656,21.8376,16.4236,4.0996,9.0874,16.2062,61.7532,178.5042,92.2024,65.7828,28.4238,16.1563,13.2612,9.6505,16.6388,21.7897,15.029,19.7805,8.0703,7.0172,19.0162,6.8583,13.9357,37.8386,13.6693,20.3914,9.6471,11.3002,19.7597,26.0758,36.082,20.4888,30.0921,36.4098,10.9767,35.9389,32.2447,21.1597,20.0571,32.6641,24.4428,17.5841,13.2333,17.8069,25.7111,13.7454,10.9391,22.0154,23.1012,35.5784,32.3792,34.5192,33.7975,33.3947,36.5978,27.6512,51.2947,63.4229,52.3488,31.5009,28.3125,23.6142,40.9131,38.3819,46.4343,23.0578,35.1917,26.8434,13.5961,22.907,42.4742,43.7682,35.7396,20.2135,25.5833,16.1535,28.8368,35.8003,34.0289,29.1079,21.3786,19.1875,44.7696,46.3761,25.8039,22.3643,34.1669,22.2739,32.8997,19.6443,31.6299,36.5671,35.8148,50.6632,38.8478,20.57,31.6153,43.9095,29.4856,30.3686,23.3228,16.754,9.5372,9.9973,2.6663,8.1429,13.3849,8.0219,24.7288,5.3935
18.6768,64.8425,12.4745,66.8814,121.2167,128.1259,106.8075,55.2299,66.1717,13.5417,10.3158,15.8404,27.2076,27.1325,37.558,66.0802,49.7217,20.4737,5.0637,6.3714,2.4836,8.5097,14.0248,46.5568,94.7729,48.4546,18.4428,18.3914,8.8101,11.2927,9.1739,10.107,10.14,11.4782,9.113,5.3012,3.8123,8.7982,2.66,6.7896,26.4277,5.059,11.7162,17.72,7.752,9.0991,21.004,11.6686,10.2941,10.1487,22.0158,11.5942,23.3378,16.5432,10.2931,23.8164,11.1194,12.5925,10.1265,3.7209,7.8038,11.8032,12.8802,5.0016,11.9144,18.3998,28.2623,7.9563,16.5088,17.9618,20.4542,15.7129,18.8913,38.9178,35.3304,27.8142,45.8301,23.5671,21.84,22.3255,19.5631,24.5173,10.0883,21.0676,15.4606,21.3972,19.9941,14.308,27.4292,16.2488,19.0102,24.5016,13.1525,27.2124,19.2419,17.2542,28.5214,17.7569,17.8937,36.8177,31.4332,14.4712,8.8415,16.134,24.8414,20.7775,17.8502,23.1686,29.9415,24.5821,23.7014,20.9329,30.2711,5.3049,22.2425,22.3662,10.2437,11.9994,10.6576,7.6643,1.3228,6.7036,5.2995,5.1175,8.013,9.2043,5.525
6.4281,43.9713,10.1776,32.253,64.6385,105.3706,65.6551,47.3167,39.9912,16.8317,3.7389,6.357,16.5043,17.3539,38.6565,40.4522,23.6935,3.7258,2.4422,3.7679,2.4939,0,10.9769,37.6963,59.2574,36.3935,23.0842,6.5099,4.7645,6.9071,9.9118,2.4616,8.4421,9.5716,10.9975,6.1215,5.0148,1.2037,3.7527,2.5014,22.3219,6.1699,5.0419,10.2836,3.7572,5.0647,10.2587,6.2981,11.0238,13.4805,6.4065,7.362,16.1939,7.3813,9.7134,15.9275,20.6117,7.1816,6.3328,9.731,1.2707,7.1554,7.6112,2.2681,3.7273,10.1812,11.1909,9.7361,11.0334,12.7562,5.1231,4.0022,19.0668,22.7096,25.8708,14.0068,18.2458,18.8998,8.8633,16.4357,16.8328,28.5183,9.7803,12.2886,17.0756,9.6987,9.5062,16.8372,14.9733,8.4906,11.766,19.4083,7.3801,11.0255,14.9044,22.0233,12.4402,13.4909,9.8933,23.4816,21.5046,14.2424,8.3982,11.5885,11.1344,17.8443,9.6927,18.1713,21.2474,15.1846,17.3953,16.4406,16.8253,19.0465,22.5887,6.2188,5.9952,7.6617,4.018,4.8692,3.6243,2.4558,3.6065,7.6046,6.3976,12.7032,0
17.2834,30.7171,0,12.4668,55.457,58.0061,38.0841,35.8987,33.4084,15.7376,2.4803,0,7.2911,12.1341,7.5197,6.2032,17.0033,4.7358,1.1344,0,1.1662,1.1079,11.6182,27.8048,23.2725,15.1265,11.6024,1.1803,1.2369,6.8123,8.2129,1.1199,1.1452,1.1938,3.5689,2.5002,0,1.2833,2.3828,6.2265,4.7942,7.2832,3.6388,8.5983,3.7699,7.3216,11.9036,10.8988,6.0752,4.8888,7.2724,8.7031,4.7775,9.514,11.959,10.4878,10.1057,7.1286,2.2991,2.3495,2.403,7.0674,1.2947,2.5096,6.0573,1.1958,4.6749,9.6108,10.7199,2.3122,0,4.8992,13.2963,12.3705,16.0824,9.7072,14.1473,14.4006,10.7509,7.322,13.3707,17.7543,4.7238,10.1913,8.2898,9.418,18.8087,17.9123,5.6287,5.8639,3.4056,14.136,16.9729,9.7025,10.706,10.9055,11.883,8.4063,20.0516,13.0314,11.6963,11.0473,8.3844,7.4063,9.9776,4.9429,5.9251,14.5757,15.5577,19.2435,13.6895,9.3691,11.8956,7.4766,15.7993,9.7705,2.3668,2.2199,0,0,3.6287,1.2271,5.9709,4.7634,3.5566,7.2143,0
21.4235,12.9474,2.3727,6.2273,35.368,62.0311,29.6529,22.728,13.9065,10.485,1.167,0,4.7896,7.0695,10.6275,5.9852,4.64,0,0,0,0,0,1.2173,25.8391,8.9235,5.5304,6.7936,2.4843,3.3876,1.1977,0,3.5346,1.0734,1.0702,0,0,1.1216,1.083,0,0,10.9469,5.88,2.3312,5.6806,3.3579,3.6011,5.7301,1.203,6.8253,5.7919,11.5967,4.8856,6.61,3.6652,3.4873,2.2734,2.111,2.208,2.3144,2.3118,4.567,2.3089,2.3104,1.1251,1.2428,1.0671,0,2.345,0,1.1149,2.4069,0,10.7341,4.8138,3.66,6.8938,12.7678,3.7235,2.257,5.7407,8.0478,9.5566,3.5597,3.2311,3.4142,4.6123,4.5275,4.6162,10.3046,2.2042,5.4347,9.2778,7.2224,8.919,3.4661,8.0128,5.9346,6.7699,13.7983,16.3004,10.7523,8.0291,9.4664,3.4307,5.7932,5.7141,4.6461,11.6628,5.6767,7.2287,9.164,4.6165,2.4371,5.7306,4.7747,3.6438,3.5107,3.3824,0,1.1335,0,0,2.3213,0,3.7986,8.2495,2.6452
18.7077,7.9522,0,1.1049,28.7245,23.8596,17.4886,13.7559,6.8009,5.594,1.1646,0,6.8343,5.799,0.8176,0,2.3261,0,0,0,0,0,2.2329,17.5303,1.7277,1.1441,0,1.0565,0,2.3175,1.1538,0,1.1125,1.0363,0,0,1.1505,0,2.3514,1.1283,4.8074,2.3465,1.2274,0,1.1965,2.4088,2.3534,3.2941,2.2807,3.4351,3.3289,1.1648,2.1974,3.2718,2.2704,0,3.3726,2.0872,0,0,1.1981,1.1009,1.1386,1.1467,2.2454,0,0,1.0103,1.1422,1.0732,0,0,4.8077,6.7398,1.3048,5.5924,4.3722,1.2448,1.2409,2.3854,1.1142,3.4121,4.4793,2.1642,4.6458,4.4279,2.1657,5.482,6.6574,2.2497,1.122,3.4491,5.5844,11.1425,8.0325,10.3822,1.1115,3.1037,7.7636,5.9306,8.1063,6.2101,2.4034,5.7179,1.0851,1.179,4.6437,5.667,9.0439,4.743,2.314,3.4477,8.1306,1.3211,2.2832,3.6524,1.2443,1.1273,0,0,1.1929,1.1674,1.1161,1.2071,2.3977,0,0
14.8306,1.1844,0,2.2919,29.9181,20.2339,9.8984,2.2074,6.6836,6.7805,0,0,3.2783,3.4582,1.0797,0,0,0,0,0,0,0,1.155,2.0768,1.7287,2.2919,1.1298,1.204,0,0,1.1394,0,0,0,0,0,0,0,1.1263,1.213,2.3332,2.2655,0,1.0377,1.0608,0,1.1422,0,1.0485,4.4894,1.0664,1.0154,1.1427,2.2777,0,0,2.4278,1.1949,0,0,1.0284,1.1716,2.1193,2.1426,0,0,1.1767,0,2.1404,0,0,0,2.3881,2.2713,2.4675,2.2483,4.3611,4.4349,5.7236,1.1391,1.0019,2.2498,1.1153,0,2.3269,1.0255,2.1779,4.4308,3.2746,0,4.3673,4.5429,4.548,3.2345,2.2139,3.2437,0,2.085,9.0004,7.4449,3.267,5.5754,1.0969,2.2529,3.2965,3.3817,2.0516,2.2414,0,3.4952,4.454,1.1415,1.1963,2.3191,3.2475,1.1178,0,0,0,0,0,1.1106,0,0,0,0,0
14.5631,0,0,1.0886,21.2785,25.4905,3.2427,1.0611,3.1334,2.2254,0,0,4.3356,1.1233,0,0,1.0126,0,0,0,0,0,0,2.1902,0,0,0,0,0,0,0,0,0,0,0,0,1.0619,0,0,0,2.075,0,0,1.1015,0,0,4.3543,2.2774,0,3.3965,0,0,1.0906,0,0,0,0,0,0,0,0,2.1687,0,0,0,0,0,0,0,0,0,0,1.0404,0,1.1543,0,3.2557,2.2215,0,0,0,0,2.1631,0,0.9804,0,1.0928,5.5738,1.0904,0,0,1.0574,2.2881,3.4759,3.3814,4.6121,0,2.2246,5.284,1.1286,2.2199,1.2195,3.3245,1.0243,0,2.1948,1.1106,2.2038,1.0867,1.1469,0,1.0682,1.1101,1.169,1.0935,0,0,0,0,1.1249,0,1.0876,0,0,1.095,0,0
12.4132,2.2875,0,1.1233,32.9118,12.9468,5.6995,1.1064,1.0878,3.3611,0,0,2.1833,2.1937,0,0,0,0,0,0,0,0,1.1384,2.1755,0,1.0185,0,0,0,0,0,0,0,0,0,0,0,0,0,0,0,0,0,0,0,2.0129,1.1347,1.2353,0,1.0354,0,1.0859,0,1.1261,0,0,0,0,0,0,0,0,1.0041,0,0,0,0,0,0,0,0,0,0,0,0,1.105,3.1281,0,0,1.0873,1.2004,2.1672,0,1.0861,0,1.1208,0,0,1.0582,0,0,3.2249,0,3.1866,0,1.1637,2.2181,3.0758,3.2277,3.0372,2.1666,3.0511,0,0,1.1737,0,0,0,1.1858,0,0,1.1712,0,0,0,1.078,0,0,0,0,0,0,1.1695,0,1.1069,0,0
3.2935,0,0,0,26.9644,18.4988,1.0709,0,0,0,0,0,0,0,1.1201,0,0,0,0,0,0,0,0,0,0,0,0,0,0,0,0,0,0,0,0,0,0,0,0,1.0843,0,0,0,0,0,2.1461,1.1283,1.2389,0,0,0,0,1.046,0,0,0,0,0,0,0,0,0,0,0,0,0,0,0,0,0,0,0,1.0895,0,0,1.1317,2.1526,1.1568,0,0,1.1172,0,1.0193,0,0,0,0,1.0978,0,0,0,0,0,0,0,0,0,1.1293,3.3643,0,0,0,0,0,0,0,1.129,2.2355,0,0,0,0,0,0,0,0,0,0,0,0,0,0,0,0,0,0,0
4.556,0,0,1.1434,12.7316,15.9835,1.0262,1.1127,1.1329,0,0,0,0,0,0,0,0,0,0,0,0,0,0,2.0688,0,0,0,0,0,0,0,0,0,0,0,0,0,0,0,0,0,0,0,0,0,0,0,0,0,0,0,0,0,0,0,0,0,0,0,0,0,0,0,0,0,0,0,0,0,0,0,0,0,0,0,0,0,0,0,0,0,0,0,0,1.0921,0,1.0798,0,0,0,0,0,0,0,0,0.997,0,0.9836,0.9749,0,1.0325,0,0,0,0,0,0,0,0,0,0,0,0,0,0,0,0,0,0,0,0,0,0,0,0,0,0
3.229,0,0,0,13.977,8.7209,0,1.125,0,1.0775,0,0,0,0,0,0,0,0,0,0,0,0,0,0,0,0,0,0,0,0,0,0,0,0,0,0,0,0,0,0,0,0,0,0,0,0,0,0,0,0,0,0,0,0,0,0,0,0,0,0,0,0,0,0,0,0,0,0,0,0,0,0,0,0,0,0,0,0,0,0,0,0,0,0,0,0,0,0,0,0,0,0,1.1041,0,0,0,0,1.0302,0,0,0,0,2.0134,0,0,0,0,0,0,0,0,0,0,0,0,0,0,0,0,0,0,0,0,0,0,0,0
2.0475,0,0,0,10.0165,11.8235,1.1367,0,0,0,0,0,0,0,0,0,0,0,0,0,0,0,0,0,0,0,0,0,0,0,0,0,0,0,0,0,0,0,0,0,0,0,0,0,0,0.9863,0,0,0,0,0,0,0,0,0,0,0,0,0,0,0,0,0,0,0,0,0,0,0,0,0,0,0,0,0,0,0,0,0,0,0,0,0,0,0,0,0,0,0,0,0,0,0,0,0,0,0,0,1.0598,0,0,0,1.0486,0,0,0,0.9699,0,0,0,0,0,0,0,0,0,0,0,0,0,0,0,0,0,0,0,0
1.0911,0,0,0.9664,2.1743,6.3726,2.1999,0,0,0,0,0,0,0,0,0,0,0,0,0,0,0,0,0,0,0,0,0,0,0,0,0,0,0,0,0,0,0,0,0,1.0711,0,0,0,0,0,0,0,0,0,0,0,0,0,0,0,0,0,0,0,0,0,0,0,0,0,0,0,0,0,0,0,0,0,0,0,0,0,0,0,0,0,1.0293,0,0,0,0,0,0,0,0,0,0,0,0,0,0,0,0,0,0,0,0,0,0,0,0,0,0,0,0,0,0,0,0,0,0,0,0,0,0,0,0,0,0,0,0
1.0822,0,0,0,4.2085,5.2179,0,0,0,0,0,0,0,0,0,0,0,0,0,0,0,0,0,0,0,0,0,0,0,0,0,0,0,0,0,0,0,0,0,0,0,0,0,0,0,0,0,0,0,0,0,0,0,0,0,0,0,0,0,0,0,0,0,0,0,0,0,0,0,0,0,0,0,0,0,0,0,0,0,0,0,0,0,0,0,0,0,0,0,0,0,0,0,0,0,0,0,0,1.1305,0,0,0,0,0,0,0,0,0,0,0,0,0,0,0,0,0,0,0,0,0,0,0,0,0,0,0,0
2.0493,0,0,0,1.1167,2.0787,0,1.1576,0,0,0,0,0,0,0,0,0,0,0,0,0,0,0,0,0,0,0,0,0,0,0,0,0,0,0,0,0,0,0,0,0,0,0,0,0,0,0,0,0,0,0,0,0,0,0,0,0,0,0,0,0,0,0,0,0,0,0,0,0,0,0,0,0,0,0,0,0,0,0,0,0,0,0,0,0,0,0,0,0,0,0,0,0,0,0,0,0,0,0,0,0,0,0,0,0,0,0,0,0,0,0,0,0,0,0,0,0,0,0,0,0,0,0,0,0,0,0
0,0,0,0,4.3135,0,0.8903,0,0,0,0,0,0,0,0,0,0,0,0,0,0,0,0,0,0,0,0,0,0,0,0,0,0,0,0,0,0,0,0,0,0,0,0,0,0,0,0,0,0,0,0,0,0,0,0,0,0,0,0,0,0,0,0,0,0,0,0,0,0,0,0,0,0,0,0,0,0,0,0,0,0,0,0,0,0,0,0,0,0,0,0,0,0,0,0,0,0,0,0,0,0,0,0,0,0,0,0,0,0,0,0,0,0,0,0,0,0,0,0,0,0,0,0,0,0,0,0
0,0,0,0,0,0,0,0,0,0,0,0,0,0,0,0,0,0,0,0,0,0,0,0,0,0,0,0,0,0,0,0,0,0,0,0,0,0,0,0,0,0,0,0,0,0,0,0,0,0,0,0,0,0,0,0,0,0,0,0,0,0,0,0,0,0,0,0,0,0,0,0,0,0,0,0,0,0,0,0,0,0,0,0,0,0,0,0,0,0,0,0,0,0,0,0,0,0,0,0,0,0,0,0,0,0,0,0,0,0,0,0,0,0,0,0,0,0,0,0,0,0,0,0,0,0,0
0,0,0,0,0,2.1237,0,0,0,0,0,0,0,0,0,0,0,0,0,0,0,0,0,0,0,0,0,0,0,0,0,0,0,0,0,0,0,0,0,0,0,0,0,0,0,0,0,0,0,0,0,0,0,0,0,0,0,0,0,0,0,0,0,0,0,0,0,0,0,0,0,0,0,0,0,0,0,0,0,0,0,0,0,0,0,0,0,0,0,0,0,0,0,0,0,0,0,0,0,0,0,0,0,0,0,0,0,0,0,0,0,0,0,0,0,0,0,0,0,0,0,0,0,0,0,0,0
0,0,0,0,2.1506,0,0,0,0,0,0,0,0,0,0,0,0,0,0,0,0,0,0,0,0,0,0,0,0,0,0,0,0,0,0,0,0,0,0,0,0,0,0,0,0,0,0,0,0,0,0,0,0,0,0,0,0,0,0,0,0,0,0,0,0,0,0,0,0,0,0,0,0,0,0,0,0,0,0,0,0,0,0,0,0,0,0,0,0,0,0,0,0,0,0,0,0,0,0,0,0,0,0,0,0,0,0,0,0,0,0,0,0,0,0,0,0,0,0,0,0,0,0,0,0,0,0
0,0,0,0,0,0,0,0,0,0,0,0,0,0,0,0,0,0,0,0,0,0,0,0,0,0,0,0,0,0,0,0,0,0,0,0,0,0,0,0,0,0,0,0,0,0,0,0,0,0,0,0,0,0,0,0,0,0,0,0,0,0,0,0,0,0,0,0,0,0,0,0,0,0,0,0,0,0,0,0,0,0,0,0,0,0,0,0,0,0,0,0,0,0,0,0,0,0,0,0,0,0,0,0,0,0,0,0,0,0,0,0,0,0,0,0,0,0,0,0,0,0,0,0,0,0,0
0,0,0,0,0,0,0,0,0,0,0,0,0,0,0,0,0,0,0,0,0,0,0,0,0,0,0,0,0,0,0,0,0,0,0,0,0,0,0,0,0,0,0,0,0,0,0,0,0,0,0,0,0,0,0,0,0,0,0,0,0,0,0,0,0,0,0,0,0,0,0,0,0,0,0,0,0,0,0,0,0,0,0,0,0,0,0,0,0,0,0,0,0,0,0,0,0,0,0,0,0,0,0,0,0,0,0,0,0,0,0,0,0,0,0,0,0,0,0,0,0,0,0,0,0,0,0
0,0,0,0,0,0,0,0,0,0,0,0,0,0,0,0,0,0,0,0,0,0,0,0,0,0,0,0,0,0,0,0,0,0,0,0,0,0,0,0,0,0,0,0,0,0,0,0,0,0,0,0,0,0,0,0,0,0,0,0,0,0,0,0,0,0,0,0,0,0,0,0,0,0,0,0,0,0,0,0,0,0,0,0,0,0,0,0,0,0,0,0,0,0,0,0,0,0,0,0,0,0,0,0,0,0,0,0,0,0,0,0,0,0,0,0,0,0,0,0,0,0,0,0,0,0,0
0,0,0,0,0,0,0,0,0,0,0,0,0,0,0,0,0,0,0,0,0,0,0,0,0,0,0,0,0,0,0,0,0,0,0,0,0,0,0,0,0,0,0,0,0,0,0,0,0,0,0,0,0,0,0,0,0,0,0,0,0,0,0,0,0,0,0,0,0,0,0,0,0,0,0,0,0,0,0,0,0,0,0,0,0,0,0,0,0,0,0,0,0,0,0,0,0,0,0,0,0,0,0,0,0,0,0,0,0,0,0,0,0,0,0,0,0,0,0,0,0,0,0,0,0,0,0
0,0,0,0,0,0,0,0,0,0,0,0,0,0,0,0,0,0,0,0,0,0,0,0,0,0,0,0,0,0,0,0,0,0,0,0,0,0,0,0,0,0,0,0,0,0,0,0,0,0,0,0,0,0,0,0,0,0,0,0,0,0,0,0,0,0,0,0,0,0,0,0,0,0,0,0,0,0,0,0,0,0,0,0,0,0,0,0,0,0,0,0,0,0,0,0,0,0,0,0,0,0,0,0,0,0,0,0,0,0,0,0,0,0,0,0,0,0,0,0,0,0,0,0,0,0,0
0,0,0,0,0,0,0,0,0,0,0,0,0,0,0,0,0,0,0,0,0,0,0,0,0,0,0,0,0,0,0,0,0,0,0,0,0,0,0,0,0,0,0,0,0,0,0,0,0,0,0,0,0,0,0,0,0,0,0,0,0,0,0,0,0,0,0,0,0,0,0,0,0,0,0,0,0,0,0,0,0,0,0,0,0,0,0,0,0,0,0,0,0,0,0,0,0,0,0,0,0,0,0,0,0,0,0,0,0,0,0,0,0,0,0,0,0,0,0,0,0,0,0,0,0,0,0
0,0,0,0,0,0,0,0,0,0,0,0,0,0,0,0,0,0,0,0,0,0,0,0,0,0,0,0,0,0,0,0,0,0,0,0,0,0,0,0,0,0,0,0,0,0,0,0,0,0,0,0,0,0,0,0,0,0,0,0,0,0,0,0,0,0,0,0,0,0,0,0,0,0,0,0,0,0,0,0,0,0,0,0,0,0,0,0,0,0,0,0,0,0,0,0,0,0,0,0,0,0,0,0,0,0,0,0,0,0,0,0,0,0,0,0,0,0,0,0,0,0,0,0,0,0,0
0,0,0,0,0,0,0,0,0,0,0,0,0,0,0,0,0,0,0,0,0,0,0,0,0,0,0,0,0,0,0,0,0,0,0,0,0,0,0,0,0,0,0,0,0,0,0,0,0,0,0,0,0,0,0,0,0,0,0,0,0,0,0,0,0,0,0,0,0,0,0,0,0,0,0,0,0,0,0,0,0,0,0,0,0,0,0,0,0,0,0,0,0,0,0,0,0,0,0,0,0,0,0,0,0,0,0,0,0,0,0,0,0,0,0,0,0,0,0,0,0,0,0,0,0,0,0
0,0,0,0,0,0,0,0,0,0,0,0,0,0,0,0,0,0,0,0,0,0,0,0,0,0,0,0,0,0,0,0,0,0,0,0,0,0,0,0,0,0,0,0,0,0,0,0,0,0,0,0,0,0,0,0,0,0,0,0,0,0,0,0,0,0,0,0,0,0,0,0,0,0,0,0,0,0,0,0,0,0,0,0,0,0,0,0,0,0,0,0,0,0,0,0,0,0,0,0,0,0,0,0,0,0,0,0,0,0,0,0,0,0,0,0,0,0,0,0,0,0,0,0,0,0,0
0,0,0,0,0,0,0,0,0,0,0,0,0,0,0,0,0,0,0,0,0,0,0,0,0,0,0,0,0,0,0,0,0,0,0,0,0,0,0,0,0,0,0,0,0,0,0,0,0,0,0,0,0,0,0,0,0,0,0,0,0,0,0,0,0,0,0,0,0,0,0,0,0,0,0,0,0,0,0,0,0,0,0,0,0,0,0,0,0,0,0,0,0,0,0,0,0,0,0,0,0,0,0,0,0,0,0,0,0,0,0,0,0,0,0,0,0,0,0,0,0,0,0,0,0,0,0
0,0,0,0,0,0,0,0,0,0,0,0,0,0,0,0,0,0,0,0,0,0,0,0,0,0,0,0,0,0,0,0,0,0,0,0,0,0,0,0,0,0,0,0,0,0,0,0,0,0,0,0,0,0,0,0,0,0,0,0,0,0,0,0,0,0,0,0,0,0,0,0,0,0,0,0,0,0,0,0,0,0,0,0,0,0,0,0,0,0,0,0,0,0,0,0,0,0,0,0,0,0,0,0,0,0,0,0,0,0,0,0,0,0,0,0,0,0,0,0,0,0,0,0,0,0,0
0,0,0,0,0,0,0,0,0,0,0,0,0,0,0,0,0,0,0,0,0,0,0,0,0,0,0,0,0,0,0,0,0,0,0,0,0,0,0,0,0,0,0,0,0,0,0,0,0,0,0,0,0,0,0,0,0,0,0,0,0,0,0,0,0,0,0,0,0,0,0,0,0,0,0,0,0,0,0,0,0,0,0,0,0,0,0,0,0,0,0,0,0,0,0,0,0,0,0,0,0,0,0,0,0,0,0,0,0,0,0,0,0,0,0,0,0,0,0,0,0,0,0,0,0,0,0
0,0,0,0,0,0,0,0,0,0,0,0,0,0,0,0,0,0,0,0,0,0,0,0,0,0,0,0,0,0,0,0,0,0,0,0,0,0,0,0,0,0,0,0,0,0,0,0,0,0,0,0,0,0,0,0,0,0,0,0,0,0,0,0,0,0,0,0,0,0,0,0,0,0,0,0,0,0,0,0,0,0,0,0,0,0,0,0,0,0,0,0,0,0,0,0,0,0,0,0,0,0,0,0,0,0,0,0,0,0,0,0,0,0,0,0,0,0,0,0,0,0,0,0,0,0,0
0,0,0,0,0,0,0,0,0,0,0,0,0,0,0,0,0,0,0,0,0,0,0,0,0,0,0,0,0,0,0,0,0,0,0,0,0,0,0,0,0,0,0,0,0,0,0,0,0,0,0,0,0,0,0,0,0,0,0,0,0,0,0,0,0,0,0,0,0,0,0,0,0,0,0,0,0,0,0,0,0,0,0,0,0,0,0,0,0,0,0,0,0,0,0,0,0,0,0,0,0,0,0,0,0,0,0,0,0,0,0,0,0,0,0,0,0,0,0,0,0,0,0,0,0,0,0
0,0,0,0,0,0,0,0,0,0,0,0,0,0,0,0,0,0,0,0,0,0,0,0,0,0,0,0,0,0,0,0,0,0,0,0,0,0,0,0,0,0,0,0,0,0,0,0,0,0,0,0,0,0,0,0,0,0,0,0,0,0,0,0,0,0,0,0,0,0,0,0,0,0,0,0,0,0,0,0,0,0,0,0,0,0,0,0,0,0,0,0,0,0,0,0,0,0,0,0,0,0,0,0,0,0,0,0,0,0,0,0,0,0,0,0,0,0,0,0,0,0,0,0,0,0,0
0,0,0,0,0,0,0,0,0,0,0,0,0,0,0,0,0,0,0,0,0,0,0,0,0,0,0,0,0,0,0,0,0,0,0,0,0,0,0,0,0,0,0,0,0,0,0,0,0,0,0,0,0,0,0,0,0,0,0,0,0,0,0,0,0,0,0,0,0,0,0,0,0,0,0,0,0,0,0,0,0,0,0,0,0,0,0,0,0,0,0,0,0,0,0,0,0,0,0,0,0,0,0,0,0,0,0,0,0,0,0,0,0,0,0,0,0,0,0,0,0,0,0,0,0,0,0
0,0,0,0,0,0,0,0,0,0,0,0,0,0,0,0,0,0,0,0,0,0,0,0,0,0,0,0,0,0,0,0,0,0,0,0,0,0,0,0,0,0,0,0,0,0,0,0,0,0,0,0,0,0,0,0,0,0,0,0,0,0,0,0,0,0,0,0,0,0,0,0,0,0,0,0,0,0,0,0,0,0,0,0,0,0,0,0,0,0,0,0,0,0,0,0,0,0,0,0,0,0,0,0,0,0,0,0,0,0,0,0,0,0,0,0,0,0,0,0,0,0,0,0,0,0,0
0,0,0,0,0,0,0,0,0,0,0,0,0,0,0,0,0,0,0,0,0,0,0,0,0,0,0,0,0,0,0,0,0,0,0,0,0,0,0,0,0,0,0,0,0,0,0,0,0,0,0,0,0,0,0,0,0,0,0,0,0,0,0,0,0,0,0,0,0,0,0,0,0,0,0,0,0,0,0,0,0,0,0,0,0,0,0,0,0,0,0,0,0,0,0,0,0,0,0,0,0,0,0,0,0,0,0,0,0,0,0,0,0,0,0,0,0,0,0,0,0,0,0,0,0,0,0
0,0,0,0,0,0,0,0,0,0,0,0,0,0,0,0,0,0,0,0,0,0,0,0,0,0,0,0,0,0,0,0,0,0,0,0,0,0,0,0,0,0,0,0,0,0,0,0,0,0,0,0,0,0,0,0,0,0,0,0,0,0,0,0,0,0,0,0,0,0,0,0,0,0,0,0,0,0,0,0,0,0,0,0,0,0,0,0,0,0,0,0,0,0,0,0,0,0,0,0,0,0,0,0,0,0,0,0,0,0,0,0,0,0,0,0,0,0,0,0,0,0,0,0,0,0,0
0,0,0,0,0,0,0,0,0,0,0,0,0,0,0,0,0,0,0,0,0,0,0,0,0,0,0,0,0,0,0,0,0,0,0,0,0,0,0,0,0,0,0,0,0,0,0,0,0,0,0,0,0,0,0,0,0,0,0,0,0,0,0,0,0,0,0,0,0,0,0,0,0,0,0,0,0,0,0,0,0,0,0,0,0,0,0,0,0,0,0,0,0,0,0,0,0,0,0,0,0,0,0,0,0,0,0,0,0,0,0,0,0,0,0,0,0,0,0,0,0,0,0,0,0,0,0
